{"cameraMode":{"drawMode":0,"name":"Shaded","section":"Shading Mode"},"sceneLighting":true,"audioPlay":false,"sceneViewState":{"showFog":true,"showMaterialUpdate":true,"showSkybox":true,"showFlares":true,"showImageEffects":true,"showParticleSystems":true},"in2DMode":false,"pivot":{"x":10.345000267028809,"y":-3.1999998092651369,"z":-0.6000000238418579},"rotation":{"x":0.19819368422031403,"y":0.25905418395996096,"z":-0.05440350994467735,"w":0.9437426924705505},"size":3.916621208190918,"orthographic":false}